TINV TI-06 FinOps — Matriz de Fuentes,,,,,,,,,,,,,,,,
"Una fila por fuente. Las columnas A (ID) y M (alerta de solapamiento) se calculan solas: no escribir sobre ellas. Regla del equipo: cada fuente pertenece a UN solo pilar. Si dos integrantes cargan el mismo DOI en pilares distintos, la fila se pinta roja.",,,,,,,,,,,,,,,,
,,,,,,,,,,,,,,,,
ID,Buscador,Palabras de Busqueda,Anio,Autores,Titulo,Abstract,Keyword,Publicacion / Link - DOI,Tipo de fuente,A que pilar pertenece,Seccion del informe,Alerta de solapamiento,Quien lo encontro,Estado,Comentarios,Se encuentra en carpeta
EJEMPLO,Web of Science,"(""cloud comput*"" AND (""cost allocation"" OR chargeback))",2019,"Apellido, A., y Apellido, B.",Titulo completo del articulo tal como aparece,"Pegar aqui el abstract, o al menos 2-3 lineas con la idea central",cloud computing; cost allocation; chargeback,"Journal of X, 12(3), 45-67. https://doi.org/10.xxxx/yyyy",Academica,P1,3. Marco teorico,,Danilo,Leido,Sirve para justificar la diferencia entre showback y chargeback,Si
001,Sitio oficial,FinOps Framework Inform Optimize Operate roles engineering finance procurement,2026,FinOps Foundation,FinOps Framework,"Define el marco FinOps, sus dominios, capacidades, personas y ciclos de trabajo para gestionar el valor empresarial de la nube.",FinOps Framework; Inform; Optimize; Operate; roles,https://www.finops.org/framework/,Oficial/estandar,P1,3. Marco teorico,,Matias Romero,Verificada para matriz,Autoridad: organismo rector de FinOps. Metodo: marco mantenido por la comunidad profesional. Sesgo/limite: fuente institucional; describe buenas practicas y no demuestra por si sola resultados economicos. Original verificado el 2026-09-12.,No
002,Sitio oficial,FinOps allocation tagging showback chargeback shared costs,2026,FinOps Foundation,Allocation,"Describe asignacion de costos mediante cuentas, etiquetas y categorias; diferencia showback y chargeback y aborda costos compartidos.",allocation; tagging; showback; chargeback; shared costs,https://framework.finops.org/framework/capabilities/allocation/,Oficial/estandar,P1,4. Analisis comparativo,,Cristofer Contreras,Verificada para matriz,Autoridad: capacidad oficial del FinOps Framework. Metodo: guia de practica. Sesgo/limite: no prescribe una unica regla de reparto; la efectividad depende de gobernanza y calidad de etiquetas. Original verificado el 2026-09-12.,No
003,Sitio oficial,FinOps unit economics cost per transaction customer request token,2026,FinOps Foundation,Unit Economics,"Explica como relacionar costos cloud con unidades de valor empresarial, por ejemplo transaccion, cliente o solicitud.",unit economics; unit cost; business value; KPI,https://www.finops.org/framework/capabilities/unit-economics/,Oficial/estandar,P1,4. Analisis comparativo,,Matias Romero,Verificada para matriz,Autoridad: capacidad oficial del FinOps Framework. Metodo: guia operativa con metricas unitarias. Sesgo/limite: la unidad debe definirse para el caso y no puede copiarse sin validar volumen y causalidad. Original verificado el 2026-09-12.,No
004,Sitio oficial,FinOps planning estimating shift left CI CD cost,2026,FinOps Foundation,Planning and Estimating,"Integra pronostico y estimacion temprana de costos en decisiones de arquitectura, presupuestos y ciclo de entrega.",planning; estimating; forecast; shift-left; CI/CD,https://www.finops.org/framework/capabilities/planning-estimating/,Oficial/estandar,P2,4. Analisis comparativo,,Cristofer Contreras,Verificada para matriz,Autoridad: capacidad oficial del FinOps Framework. Metodo: guia de practica. Sesgo/limite: requiere datos historicos y supuestos explicitos; no reemplaza una cotizacion. Original verificado el 2026-09-12.,No
005,Sitio oficial,FOCUS specification cost usage dataset cloud billing standard,2026,FinOps Foundation,FOCUS Specification 1.4,Estandariza columnas y semantica de datos de costo y uso para facilitar comparaciones y analisis entre proveedores.,FOCUS; billing data; cost and usage; interoperability,https://focus.finops.org/docs/specification/v1-4/,Oficial/estandar,P1,4. Analisis comparativo,,Matias Romero,Verificada para matriz,Autoridad: especificacion abierta ratificada por FinOps Foundation el 2026-06-04. Metodo: esquema normativo. Sesgo/limite: normaliza datos; no garantiza que todos los proveedores expongan igual detalle. Original verificado el 2026-09-12.,No
006,Sitio oficial,AWS Savings Plans commitment discount official guide,2026,Amazon Web Services,AWS Savings Plans User Guide,"Documenta compromisos de gasto, tipos de Savings Plans, cobertura y restricciones para optimizar tarifas.",Savings Plans; commitments; discount; AWS,https://docs.aws.amazon.com/pdfs/savingsplans/latest/userguide/savingsplans.pdf,Comercial/proveedor,P2,4. Analisis comparativo,,Cristofer Contreras,Verificada para matriz,"Autoridad: documentacion oficial del proveedor. Metodo: especificacion del producto. Sesgo: fuente interesada de AWS; usar para condiciones vigentes, no para afirmar superioridad. Original verificado el 2026-09-12.",No
007,Sitio oficial,Azure Cost Management plan manage costs official,2026,Microsoft,Plan to manage Azure costs,"Describe presupuestos, analisis de costos, alertas, recomendaciones y responsabilidades de administracion financiera en Azure.",Azure Cost Management; budgets; alerts; cost analysis,https://learn.microsoft.com/en-us/azure/cost-management-billing/understand/plan-manage-costs,Comercial/proveedor,P1,4. Analisis comparativo,,Matias Romero,Verificada para matriz,Autoridad: documentacion oficial del proveedor. Metodo: guia operativa. Sesgo: fuente interesada de Microsoft; no usar como comparacion neutral entre nubes. Original verificado el 2026-09-12.,No
008,Sitio oficial,AWS Fargate pricing vCPU memory region,2026,Amazon Web Services,AWS Fargate Pricing,"Fuente primaria para unidades, modalidades y precios regionales de ejecucion de contenedores Fargate.",AWS Fargate; price; vCPU; memory; region,https://aws.amazon.com/fargate/pricing/,Comercial/proveedor,P2,5. Caso practico,,Cristofer Contreras,Verificada para matriz,"Autoridad: pagina oficial de precios. Metodo: tarifa de lista por configuracion. Sesgo: fuente interesada; fecha, region y calculadora deben conservarse. Chile no tiene precio regional verificable al 2026-09-12.",No
009,Sitio oficial,Azure Container Apps pricing Chile Central East US retail API,2026,Microsoft,Azure Container Apps Pricing,"Fuente primaria para precios de CPU, memoria y solicitudes; permite comparar la misma unidad entre Chile Central y East US.",Azure Container Apps; Chile Central; East US; price,https://azure.microsoft.com/pricing/details/container-apps/,Comercial/proveedor,P2,5. Caso practico,,Matias Romero,Verificada para matriz,Autoridad: pagina oficial; cifras numericas verificadas contra Azure Retail Prices API. Metodo: precio de lista por medidor. Sesgo: fuente interesada; descuentos contractuales no incluidos. Validado el 2026-09-12.,No
010,Sitio oficial,Google Cloud Run pricing Santiago Chile official,2026,Google Cloud,Cloud Run pricing,"Fuente primaria para tarifas de CPU, memoria y solicitudes de Cloud Run por region y modalidad.",Cloud Run; pricing; Santiago; serverless containers,https://cloud.google.com/run/pricing,Comercial/proveedor,P2,5. Caso practico,,Cristofer Contreras,Verificada para matriz,"Autoridad: pagina oficial de precios. Metodo: tarifa de lista. Sesgo: fuente interesada; conservar region, moneda, fecha, nivel gratuito y modalidad al citar cifras. Original verificado el 2026-09-12.",No
011,Sitio oficial,NIST cloud deployment models public private hybrid community,2012,NIST,NIST SP 800-146 Cloud Computing Synopsis and Recommendations,"Resume modelos y consideraciones de adopcion cloud para comparar nube publica, privada e hibrida.",NIST; public cloud; private cloud; hybrid cloud; risk,https://nvlpubs.nist.gov/nistpubs/legacy/sp/nistspecialpublication800-146.pdf,Oficial/estandar,P3,4. Analisis comparativo,,Matias Romero,Verificada para matriz,"Autoridad: publicacion del NIST. Metodo: sintesis tecnica y recomendaciones. Sesgo/limite: documento antiguo; sirve para conceptos, no para precios ni capacidades actuales. Original verificado el 2026-09-12.",No
012,Sitio oficial,ISO IEC 22123-1 cloud computing vocabulary,2023,ISO/IEC,ISO/IEC 22123-1:2023 Cloud computing - Vocabulary,Establece vocabulario normalizado para cloud computing y reduce ambiguedad terminologica del informe.,ISO; cloud computing; vocabulary; terminology,https://www.iso.org/standard/82758.html,Oficial/estandar,P1,3. Marco teorico,,Cristofer Contreras,Verificada para matriz,Autoridad: norma internacional vigente. Metodo: consenso normativo. Sesgo/limite: la pagina publica solo expone metadatos; el texto completo puede requerir acceso institucional. Original verificado el 2026-09-12.,No
013,Sitio oficial,ISO IEC 19086-1 cloud SLA framework,2016,ISO/IEC,ISO/IEC 19086-1:2016 Cloud computing SLA framework,"Aporta conceptos de acuerdos de nivel de servicio y relacion entre compromisos, soporte, riesgo y costo.",ISO; cloud SLA; service level; support; risk,https://www.iso.org/standard/67545.html,Oficial/estandar,P3,4. Analisis comparativo,,Matias Romero,Verificada para matriz,Autoridad: norma internacional confirmada vigente y enmendada en 2025. Metodo: consenso normativo. Sesgo/limite: texto completo puede requerir acceso institucional. Original verificado el 2026-09-12.,No
014,Sitio oficial,OpenCost Kubernetes cost allocation specification,2026,OpenCost / CNCF,OpenCost Documentation,Documenta un modelo abierto para asignacion y visibilidad de costos Kubernetes.,OpenCost; Kubernetes; allocation; cost monitoring,https://opencost.io/docs/,Tecnica de terceros,P1,4. Analisis comparativo,,Cristofer Contreras,Verificada para matriz,Autoridad: proyecto tecnico abierto vinculado a CNCF. Metodo: documentacion de implementacion. Sesgo/limite: centrado en Kubernetes y dependiente de la calidad de metricas y precios cargados. Original verificado el 2026-09-12.,No
015,Sitio oficial,Infracost CI CD cloud cost estimation infrastructure as code,2026,Infracost,Infracost Documentation,Permite estimar variaciones de costo desde infraestructura como codigo e integrar el analisis en CI/CD.,Infracost; IaC; cost estimation; CI/CD; shift-left,https://www.infracost.io/docs/,Tecnica de terceros,P2,4. Analisis comparativo,,Matias Romero,Verificada para matriz,Autoridad: documentacion tecnica del producto. Metodo: consulta de precios y estimacion sobre IaC. Sesgo: fuente del proveedor; validar cobertura de recursos y exactitud contra precios oficiales. Original verificado el 2026-09-12.,No
016,Sitio oficial,principios FinOps colaboracion valor responsabilidad costos datos,2026,FinOps Foundation,FinOps Principles,"Establece los principios de colaboracion, responsabilidad distribuida, valor empresarial, datos oportunos y costo variable que justifican el problema de investigacion.",FinOps principles; accountability; collaboration; business value,https://www.finops.org/framework/principles/,Oficial/estandar,P1,2. Introduccion y contexto,,Matias Romero,Verificada para matriz,Autoridad: principios oficiales del FinOps Framework. Metodo: consenso de practica. Sesgo/limite: marco institucional y no evidencia causal de ahorro. Original verificado el 2026-09-12.,No
017,Sitio oficial,FinOps domains outcomes understand quantify optimize manage,2026,FinOps Foundation,FinOps Domains,"Organiza los resultados esperados de FinOps: comprender uso y costo, cuantificar valor, optimizar y gestionar la practica.",FinOps domains; outcomes; value; optimization,https://www.finops.org/framework/domains/,Oficial/estandar,P3,7. Conclusiones,,Cristofer Contreras,Verificada para matriz,"Autoridad: dominio oficial del FinOps Framework. Metodo: modelo de resultados. Sesgo/limite: usar como criterio de discusion, no como prueba automatica de beneficios. Original verificado el 2026-09-12.",No
018,Sitio oficial,FinOps governance policy risk cost performance business value,2026,FinOps Foundation,"Governance, Policy and Risk","Relaciona decisiones de tecnologia con costo, rendimiento, riesgo, cumplimiento y valor empresarial mediante controles y seguimiento continuo.",governance; policy; financial risk; business value,https://www.finops.org/framework/capabilities/governance-policy-risk/,Oficial/estandar,P3,7. Conclusiones,,Matias Romero,Verificada para matriz,Autoridad: capacidad oficial del FinOps Framework. Metodo: guia de gobernanza. Sesgo/limite: requiere adaptacion al caso y evidencia de resultados; no valida por si misma una conclusion. Original verificado el 2026-09-12.,No
019,Sitio oficial,FinOps usage optimization rightsizing idle shutdown nonproduction,2026,FinOps Foundation,Usage Optimization,"Describe rightsizing, eliminacion de recursos ociosos, apagado programado y reduccion de desperdicio en cargas productivas y no productivas.",usage optimization; rightsizing; idle resources; waste,https://www.finops.org/framework/capabilities/usage-optimization/,Oficial/estandar,P2,4. Analisis comparativo,,Cristofer Contreras,Verificada para matriz,Autoridad: capacidad oficial del FinOps Framework. Metodo: guia de practica. Limite: no aporta por si sola resultados economicos para el caso; cada medida requiere datos del workload. Original verificado el 2026-09-13.,No
020,Sitio oficial,FinOps rate optimization commitments reservations CUD spot,2026,FinOps Foundation,Rate Optimization,"Ordena la optimizacion de tarifas mediante compromisos, reservas, descuentos por uso comprometido y capacidad interrumpible.",rate optimization; commitments; reservations; CUD; spot,https://www.finops.org/framework/capabilities/rate-optimization/,Oficial/estandar,P2,4. Analisis comparativo,,Matias Romero,Verificada para matriz,Autoridad: capacidad oficial del FinOps Framework. Metodo: guia operativa. Limite: las condiciones contractuales y el riesgo de subutilizacion deben validarse por proveedor. Original verificado el 2026-09-13.,No
021,Sitio oficial,FinOps architecting workload placement shift left cost aware design,2026,FinOps Foundation,Architecting and Workload Placement,"Integra costo y valor en decisiones tempranas de arquitectura y ubicacion de workloads, incluyendo restricciones tecnicas y comerciales.",architecting; workload placement; shift-left; cost-aware design,https://www.finops.org/framework/capabilities/architecting-workload-placement/,Oficial/estandar,P3,4. Analisis comparativo,,Cristofer Contreras,Verificada para matriz,Autoridad: capacidad oficial del FinOps Framework. Metodo: guia de practica. Limite: no sustituye la evaluacion de requisitos ni el TCO del caso. Original verificado el 2026-09-13.,No
022,Sitio oficial,FinOps licensing SaaS BYOL support hidden costs,2026,FinOps Foundation,Licensing and SaaS,"Incorpora licencias, BYOL, contratos SaaS y costo total en la gestion FinOps para evitar omitir costos no ligados directamente al consumo cloud.",licensing; SaaS; BYOL; contracts; TCO,https://www.finops.org/framework/capabilities/licensing-saas/,Oficial/estandar,P3,5. Caso practico,,Matias Romero,Verificada para matriz,Autoridad: capacidad oficial del FinOps Framework. Metodo: guia de practica. Limite: valores y condiciones dependen de contratos; declarar solo por cotizacion cuando no exista precio publico. Original verificado el 2026-09-13.,No
023,Sitio oficial,AWS EC2 data transfer egress inter availability zone pricing,2026,Amazon Web Services,Amazon EC2 On-Demand Pricing,"Documenta cobros de transferencia, trafico entre zonas y otros cargos asociados al uso bajo demanda de EC2.",EC2; data transfer; egress; inter-AZ; on-demand,https://aws.amazon.com/ec2/pricing/on-demand/,Comercial/proveedor,P2,5. Caso practico,,Cristofer Contreras,Verificada para matriz,"Autoridad: pagina oficial de precios AWS. Metodo: tarifa de lista. Sesgo: fuente interesada del proveedor; region, volumen y vigencia deben conservarse al citar cifras. Original verificado el 2026-09-13.",No
024,Sitio oficial,Amazon S3 storage classes tiering access patterns cost,2026,Amazon Web Services,Amazon S3 Storage Classes,"Describe clases de almacenamiento y patrones de acceso que modifican el costo de capacidad, recuperacion y administracion.",S3; storage classes; tiering; access patterns; retrieval,https://aws.amazon.com/s3/storage-classes/,Comercial/proveedor,P2,6. Tendencias,,Matias Romero,Verificada para matriz,Autoridad: documentacion oficial AWS. Metodo: descripcion del producto. Sesgo: fuente interesada; no usar como comparacion neutral y validar precios en la pagina regional. Original verificado el 2026-09-13.,No
025,Sitio oficial,AWS Support pricing plan minimum percentage hidden cost,2026,Amazon Web Services,AWS Support Plans Pricing,"Expone minimos y porcentajes de los planes de soporte, un componente que puede quedar fuera de una comparacion limitada al consumo tecnico.",AWS Support; plan; percentage; minimum; hidden cost,https://aws.amazon.com/premiumsupport/pricing/,Comercial/proveedor,P3,5. Caso practico,,Cristofer Contreras,Verificada para matriz,Autoridad: pagina oficial de precios AWS. Metodo: tarifa de lista por plan. Sesgo: fuente interesada; la seleccion del plan requiere justificacion humana segun el caso. Original verificado el 2026-09-13.,No
026,Sitio oficial,Google Cloud Spot VMs pricing preemption risk,2026,Google Cloud,Spot VMs,"Documenta el comportamiento, los descuentos y el riesgo de interrupcion de las maquinas virtuales Spot de Google Cloud.",Google Cloud; Spot VM; preemption; discount; risk,https://docs.cloud.google.com/compute/docs/instances/spot,Comercial/proveedor,P2,4. Analisis comparativo,,Matias Romero,Verificada para matriz,Autoridad: documentacion oficial Google Cloud. Metodo: especificacion del producto. Sesgo: fuente interesada; el ahorro debe evaluarse junto con tolerancia a interrupciones. Original verificado el 2026-09-13.,No
,Google Scholar,,2025,"Manurung, H., y Aji, R.F.",Evaluating the Implementation of the FinOps Framework for Cloud Infrastructure Cost Management: A Case Study of Technology Companies in Indonesia,"Estudio de caso mixto con seis arquitectos de nube en empresas tecnologicas de Indonesia que mide la madurez de adopcion de FinOps con el modelo Crawl/Walk/Run. El promedio fue 1.53/3.00 (fase Crawl-Walk): buena capacidad tecnica (rightsizing, RIs) pero fuerte rezago en gobernanza y asignacion centralizada de costos.",Cloud computing; FinOps framework; Cost optimization,"Scientific Journal of Informatics, Vol. 12, No. 4 (nov. 2025), pp. 709-720. https://doi.org/10.15294/sji.v12i4.36226",Academica,P1,,,,,"Fuente academica revisada por pares (Scientific Journal of Informatics, UNNES). Metodo: estudio de caso mixto (6 entrevistas + rubrica cuantitativa Crawl/Walk/Run). Limite: muestra pequena (n=6) y contexto especifico de Indonesia; los propios autores senalan que la generalizacion es analitica, no estadistica.",Si
,Google Scholar,,2026,"Turkkan, B.O., Murali, P., Narayanaswami, C., y Sheinin, V.",Agentic Solutions for IT Financial Operations,"Presenta un agente de IA (arquitectura LangGraph) que permite a practicantes de FinOps consultar datos de facturacion en lenguaje natural, combinando Text2SQL y una herramienta de ejecucion de codigo Python. Evaluado en escenarios ITBench, alcanza hasta 90% de precision al descomponer consultas complejas en tareas simples.",No especifica keywords,"The Fortieth AAAI Conference on Artificial Intelligence (AAAI-26), pp. 41703-41705 (sin DOI visible en el PDF).",Academica,P1,,,,,Fuente academica (AAAI-26; autores de IBM Research). Metodo: paper de demostracion de un sistema evaluado en datos de muestra (ITBench/FOCUS sample data). Limite: no usa facturacion real de produccion y no reporta el costo de operar el propio agente.,Si
,Google Scholar,,2017,"Tak, B.C., Kwon, Y., y Urgaonkar, B.",Resource Accounting of Shared IT Resources in Multi-Tenant Clouds,"Propone Rameter, tecnica de contabilizacion de recursos a nivel de hilo dentro del hipervisor para atribuir consumo de CPU, red y disco entre entidades que comparten un mismo servicio multi-tenant. Frente a un metodo de regresion lineal (LR), logra menos de 1% de error de atribucion (vs. 5-150% de LR) y mejora decisiones de throttling y cumplimiento de SLA.",Cloud computing; distributed system; resource management,"IEEE Transactions on Services Computing, Vol. 10, No. 2 (mar-abr 2017), pp. 302-315. https://doi.org/10.1109/TSC.2015.2453980",Academica,P1,,,,,"Fuente academica revisada por pares (IEEE TSC). Metodo: diseno e implementacion de un mecanismo de contabilizacion validado con benchmarks sinteticos y dos servicios reales (MySQL Cluster, HBase). Limite: implementado sobre Xen 3.1.4 (para-virtualizacion), tecnologia de hipervisor antigua; no cubre memoria.",Si
,Google Scholar,,2012,"Chaisiri, S., Lee, B.-S., y Niyato, D.",Optimization of Resource Provisioning Cost in Cloud Computing,"Formula un problema de programacion estocastica multietapa (OCRP) para decidir cuanto reservar vs. comprar bajo demanda en la nube, bajo incertidumbre de demanda y precio. Resuelve el modelo con formulacion determinista equivalente, descomposicion de Benders y aproximacion por muestreo (SAA), mostrando ahorro frente a reserva maxima o nula.",Cloud computing; resource provisioning; virtualization; virtual machine placement; stochastic programming,"IEEE Transactions on Services Computing, Vol. 5, No. 2 (abr-jun 2012), pp. 164-177. https://doi.org/10.1109/TSC.2011.7",Academica,P2,,,,,"Fuente academica revisada por pares (IEEE TSC). Metodo: programacion estocastica multietapa con recurso, resuelta via formulacion determinista, descomposicion de Benders y SAA. Limite: parametros de precio/demanda basados en distribuciones supuestas y precios de AWS EC2 de 2010; no reflejan tarifas actuales.",Si
,Google Scholar,,2024,"Fragiadakis, G., Tsadimas, A., Filiopoulou, E., Kousiouris, G., Michalakelis, C., y Nikolaidou, M.",Cloud PricingOps: A Decision Support Framework to Explore Pricing Policies of Cloud Services,"Propone CloudPricingOps, un sistema de soporte de decisiones para analizar, comparar y predecir politicas de precios de servicios cloud entre proveedores, usando modelos hedonicos, series de tiempo y tecnicas de clustering/machine learning. Se ilustra con dos ejemplos basados en datos reales para equipos de ingenieria y negocio.",cloud computing; decision support system; cloud pricing,"Applied Sciences 2024, 14, 11946. https://doi.org/10.3390/app142411946",Academica,P2,,,,,"Fuente academica revisada por pares y de acceso abierto (MDPI Applied Sciences). Metodo: propuesta de un framework de soporte de decisiones (modelos hedonicos, series de tiempo, clustering/ML) ilustrado con dos casos de datos reales. Limite: framework general y extensible; su utilidad depende de la calidad y vigencia del dataset de precios que se alimente.",Si
,Google Scholar,,2025,"Yoon, Y., Choi, B., y Lee, J.",Design of Experiments-Based Adaptive Scheduling in Kubernetes for Performance and Cost Optimization,"Propone un scheduler personalizado de Kubernetes que usa Diseno de Experimentos (Superficie de Respuesta + Diseno Compuesto Central) para hallar el tamano optimo de CPU/memoria por aplicacion con pocos experimentos. En cinco cargas de trabajo distintas mejora el puntaje costo-rendimiento en promedio 1.5x frente a la asignacion maxima, con significancia estadistica (p menor a 0.05).",Kubernetes; adaptive scheduling; design of experiments (DoE); resource optimization; performance and cost optimization; custom scheduler; cloud computing; workload management,"Applied Sciences 2025, 15, 10098. https://doi.org/10.3390/app151810098",Academica,P2,,,,,"Fuente academica revisada por pares (MDPI Applied Sciences). Metodo: Diseno de Experimentos (RSM+CCD) con 13 corridas por aplicacion, validado con prueba t pareada/Wilcoxon. Limite: evaluado en un cluster pequeno de una sola maquina AWS EC2 (8 vCPU), sin escenarios multiusuario ni autoescalado.",Si
,Google Scholar,,2024,"Feitosa, D., Penca, M.-T., Berardi, M., Boza, R.-D., y Andrikopoulos, V.",Mining for cost awareness in the infrastructure as code artifacts of cloud-based applications: An exploratory study,"Mineria de 152.735 repositorios de GitHub que usan Terraform para detectar evidencia de conciencia de costos en mensajes de commit e issues. Los desarrolladores no solo mencionan el costo, sino que toman acciones concretas (cambio de instancias, tiering de almacenamiento, alertas); los hallazgos se organizan en un grafo de conocimiento y se validan con discusiones de Stack Overflow.",Cloud computing; Cost awareness; Mining software repositories; Cloud orchestration,"The Journal of Systems and Software, 215 (2024) 112112. https://doi.org/10.1016/j.jss.2024.112112",Academica,P2,,,,,"Fuente academica revisada por pares y de acceso abierto (Journal of Systems and Software, Elsevier). Metodo: mineria de repositorios (MSR) con codificacion inductiva/deductiva sobre commits e issues de Terraform, triangulada con Stack Overflow. Limite: cubre solo Terraform (no otras herramientas IaC) y depende de las palabras clave definidas por los autores.",Si
,Google Scholar,,2026,"Cho, C.-H.",FinOps-Aware Budget-Constrained Optimization for Cloud Resource Management,"Formaliza el redimensionamiento de VMs bajo restricciones presupuestarias estrictas como un problema NP-duro y propone un solver dual (Budget-aware Dual) que usa el precio sombra para guiar decisiones hacia la factibilidad presupuestaria. Reduce violaciones de presupuesto a cero y el cambio operativo de 53.95% a 7.80%, siendo mas de 100x mas rapido que NSGA-II.",FinOps; cloud resource management; budget-constrained optimization; cloud cost management; hard budget constraints; dual-based optimization; multi-objective optimization; cloud computing,"Applied Sciences 2026, 16, 3302. https://doi.org/10.3390/app16073302",Academica,P2,,,,,"Fuente academica revisada por pares (MDPI Applied Sciences). Metodo: formulacion de optimizacion con demostracion de NP-dureza y solver dual (BD), comparado contra NSGA-II en simulaciones. Limite: autor unico; resultados de experimentos simulados, no de una nube productiva real.",Si
,Google Scholar,,2018,"Megahed, A., Nazeem, A., Yin, P., Tata, S., Motahari Nezhad, H.R., y Nakamura, T.",Optimizing cloud solutioning design,"Desde la perspectiva del proveedor de nube (no del cliente), formula el diseno de soluciones cloud personalizadas como un modelo de programacion entera que minimiza el costo/precio cumpliendo restricciones del cliente y de la oferta. Evaluado con datos reales de negocio, reduce tiempo y error frente al diseno manual.",Cloud Solution Design; Cloud Computing; Optimization; Integer Programming; Operations Research; Heuristics,Future Generation Computer Systems (2018). https://doi.org/10.1016/j.future.2018.08.005,Academica,P2,,,,,"Fuente academica (autores de IBM Research; Future Generation Computer Systems, Elsevier). Metodo: modelo de programacion entera evaluado con datos reales de negocio de IBM contra dos baselines. Sesgo: perspectiva del proveedor de nube, no del cliente; datos de evaluacion no publicos.",Si
,Google Scholar,,2011,"Misra, S.C., y Mondal, A.",Identification of a company's suitability for the adoption of cloud computing and modelling its corresponding Return on Investment,"Propone un marco para que las empresas evaluen su idoneidad para migrar a la nube y un modelo general de Retorno de Inversion (ROI) que incorpora impactos intangibles ademas del costo directo, como apoyo a la decision de adoptar arquitecturas cloud.",Cloud computing; Return on Investment (ROI); Benefits of cloud computing; Cost of cloud computing,"Mathematical and Computer Modelling, 53 (2011) 504-521. https://doi.org/10.1016/j.mcm.2010.03.037",Academica,P3,,,,,"Fuente academica revisada por pares (Mathematical and Computer Modelling, Elsevier). Metodo: propuesta conceptual de un marco de idoneidad y un modelo general de ROI. Limite: fuente de 2011, anterior a FinOps y a los modelos de precios actuales de los hyperscalers; util para conceptos de ROI, no para cifras vigentes.",Si
,Google Scholar,,2017,"Bazi, H.R., Hasanzadeh, A., y Moeini, A.",A comprehensive framework for cloud computing migration using Meta-synthesis approach,"Mediante meta-sintesis de mas de 657 estudios, propone un marco integral de migracion a la nube con siete fases y quince subcategorias, junto con un modelo de madurez (ClM3) para mejorar el proceso de migracion, validado con grupos focales de expertos.",Cloud Computing; Migration Framework; Meta-Synthesis; Process Maturity Model,"The Journal of Systems & Software (2017), manuscrito aceptado. https://doi.org/10.1016/j.jss.2017.02.049",Academica,P3,,,,,"Fuente academica revisada por pares (Journal of Systems & Software, Elsevier). Metodo: meta-sintesis cualitativa de mas de 657 estudios, validada con grupos focales de expertos. Limite: marco general de migracion, no especifico a la gestion financiera/FinOps del gasto cloud.",Si
,Google Scholar,,2016,"Schniederjans, D.G., y Hales, D.N.",Cloud computing and its impact on economic and environmental performance: A transaction cost economics perspective,"Desde la economia de costos de transaccion (TCE), analiza con datos de encuesta a 247 profesionales de TI y cadena de suministro como la computacion en la nube afecta el desempeno economico y ambiental de las empresas, usando modelado de ecuaciones estructurales (PLS).",Cloud computing; Collaboration; Economic performance; Environmental performance,Decision Support Systems (2016). https://doi.org/10.1016/j.dss.2016.03.009,Academica,P3,,,,,"Fuente academica revisada por pares (Decision Support Systems, Elsevier). Metodo: encuesta a 247 profesionales, modelado de ecuaciones estructurales (PLS-SEM). Limite: mide percepciones de desempeno economico/ambiental, no costos monetarios directos ni tarifas de nube.",Si
,Google Scholar,,2025,The ATLAS Collaboration,Total Cost of Ownership and Evaluation of Google Cloud Resources for the ATLAS Experiment at the LHC,"Analisis de Costo Total de Propiedad (TCO) de 15 meses del uso de Google Cloud por el experimento ATLAS del LHC (CERN), identificando el trafico de red como el principal factor de costo y demostrando 'bursting' de recursos a gran escala como mecanismo viable pero costoso.",No especifica keywords,Computing and Software for Big Science (2025) 9:2. https://doi.org/10.1007/s41781-024-00128-x,Academica,P3,,,,,"Fuente academica de acceso abierto (colaboracion CERN/ATLAS; Computing and Software for Big Science, Springer). Metodo: analisis de TCO sobre 15 meses de uso real de Google Cloud. Limite: tarifa negociada (flat-rate) especifica del acuerdo ATLAS-Google; no es directamente comparable a precios de lista publicos.",Si